first_name,salary,sex,age,dob,country,job,review,sentiment,longitude,latitude
Tamara,212747,F,83,1937-02-24,Gibraltar,Lexicographer,Hot decide away medical name will indeed wonder.,Negative,32.348177,32.8474885
Adam,213576,F,0,2020-09-28,Belize,Theatre manager,Perform strategy happen enter sign.,Positive,-29.163839,57.6205145
Anne,142026,M,17,2003-11-05,Tajikistan,"Programmer, applications",Game without you wrong discussion send. Best magazine that talk.,Negative,-5.290119,-2.5980085
James,158327,F,105,1915-03-24,Lesotho,"Programmer, applications",Improve report billion course. Perhaps value hair hour shake.,Negative,113.094798,-62.0734085
Alexander,195231,F,54,1966-09-05,Fiji,Lexicographer,Development behind bad.,Positive,-124.948062,-19.822967
Shannon,40722,M,54,1966-02-01,Gibraltar,Theatre manager,Fast situation particularly goal beat paper worry.,Positive,145.193365,40.3080935
Brooke,236422,F,57,1963-09-28,Lesotho,Lexicographer,Bit tonight read fire investment whose. Close but result red reflect mouth law.,Negative,42.907015,-84.4741325
Cameron,137232,F,75,1945-04-11,Tajikistan,Hydrogeologist,Experience marriage yes management challenge.,Neutral,59.226039,64.861295
Todd,140597,M,18,2002-08-10,Tajikistan,Waste management officer,Daughter offer nearly least oil several. Sense begin ten another.,Negative,147.583907,-12.892592
Tyler,237810,M,105,1915-12-14,Belize,Lexicographer,Its he true add plant. Civil among past store move very finally.,Positive,-28.501949,0.276663
Joshua,48231,M,60,1960-02-24,Fiji,Catering manager,Work their or card. Score cost wife grow wrong.,Neutral,169.608837,19.56311
Rachel,138448,M,42,1978-02-16,Tajikistan,Theatre manager,Federal single deal assume. Important total as theory kind one.,Neutral,36.729472,-58.673834
Angela,171003,M,39,1981-03-01,Gibraltar,"Programmer, applications",Budget mean early future past partner break.,Neutral,62.481078,57.4175145
Matthew,55848,M,96,1924-01-30,Gibraltar,Catering manager,Agency choice finish any. Left itself above enjoy player well get.,Neutral,53.605816,51.7553085
Haley,213763,M,79,1941-08-03,Lesotho,"Engineer, petroleum",Red more site least others more mind. Finally audience probably cell.,Positive,-6.453604,-83.6023355
Jasmine,66447,M,69,1951-03-19,Fiji,Hydrogeologist,Around modern behavior turn size experience beyond.,Positive,-34.40483,-58.1130425
Raymond,131018,F,93,1927-12-07,Fiji,"Programmer, applications",Surface quickly key expect. Would ask dog rather partner town safe.,Negative,97.047991,-24.9151625
Ashley,68462,F,106,1914-05-06,Belize,Catering manager,Enter drive develop Mrs what season decide. Democrat out who to.,Negative,41.898285,68.0899825
Jeffrey,42350,M,38,1982-04-05,Tajikistan,"Programmer, applications",Page system relationship. Cover stuff difficult add just ball.,Positive,96.145184,81.909199
Lindsey,145836,F,99,1921-09-02,Tajikistan,"Engineer, petroleum",Maybe short watch artist describe real thought. Special camera keep.,Positive,-14.131713,-54.551215
Mitchell,190164,M,87,1933-04-29,Tajikistan,"Programmer, applications",Professional as society church impact training.,Neutral,91.883319,-23.9518615
Miguel,196690,F,73,1947-09-24,Belize,Waste management officer,Now near last above control lead air. Body sometimes since discuss.,Negative,126.77121,41.064456
Christopher,67519,F,25,1995-10-08,Belize,"Physicist, medical",Technology may throw baby process. Matter long hand home arm quality crime.,Neutral,-54.72775,47.126815
Michael,169812,F,39,1981-08-28,Belize,Theatre manager,Key the both population now organization glass. Fire out sea large degree grow.,Negative,-8.135693,-73.515151
Sara,154713,F,52,1968-02-04,Belize,"Programmer, applications",Easy trial piece this head until role. Often most stop the.,Negative,-165.292587,-29.1692125
James,65159,F,5,2015-12-01,Tajikistan,Hydrogeologist,Newspaper need certainly item gun two star respond. City adult stage college.,Negative,-136.885382,70.5054735
Larry,212956,F,89,1931-06-25,Tajikistan,"Physicist, medical",Single into require music. Ahead school prevent travel air buy record result.,Neutral,103.720111,10.1334975
Tina,209263,M,6,2014-04-29,Fiji,"Engineer, petroleum",Mission home wonder commercial budget. Big cover here start scene.,Negative,-63.250109,-84.8208865
Luke,49945,M,31,1989-08-05,Lesotho,Theatre manager,Energy human agreement along store.,Negative,-25.085479,-27.115272
Samuel,156267,M,87,1933-06-11,Belize,Lexicographer,Reason keep each offer suggest I. Human lot day word budget too upon.,Positive,-177.330185,-82.9727745
Christine,130898,M,11,2009-01-03,Gibraltar,Catering manager,Speech head break. Year draw see. War reduce black system region.,Neutral,65.640331,-80.912048
Christopher,107972,M,110,1910-04-21,Belize,"Programmer, applications",Thought understand west develop. Leader hope hot oil art interesting exist in.,Positive,-84.252541,-62.751346
Pamela,96606,M,100,1920-12-22,Lesotho,Catering manager,Occur evidence eat discuss. Respond apply mission former car push challenge.,Positive,92.350658,82.5432065
John,165481,F,70,1950-05-06,Fiji,"Therapist, art",Gun speech any. Particularly ago example follow. Fast act analysis least past.,Negative,-28.193064,1.6700715
Paul,227705,F,37,1983-01-10,Fiji,"Physicist, medical",Alone such look class from point. Local last front population life.,Neutral,-90.421285,72.211474
Randy,213409,M,38,1982-03-30,Tajikistan,Theatre manager,Year Mrs who three place high in charge.,Negative,-83.217689,-25.0046605
John,130344,F,102,1918-11-24,Lesotho,Hydrogeologist,Message society impact choose financial paper generation.,Neutral,-143.124624,89.9289015
Michele,191576,M,55,1965-06-23,Lesotho,"Therapist, art",Ok ability science analysis. Also wish avoid save.,Negative,54.43939,-55.445973
David,205785,F,107,1913-07-06,Fiji,Catering manager,Avoid step something require improve three. Responsibility foot our.,Positive,-67.005869,11.995181
Billy,107539,F,35,1985-01-20,Tajikistan,Hydrogeologist,Drug contain choose star create remember stuff floor.,Neutral,-10.643389,-66.742508
Nicholas,185643,M,32,1988-03-09,Gibraltar,Lexicographer,Lawyer chair issue success dark prove mention matter. Little soldier party.,Positive,-140.951358,16.3054365
Anthony,240119,F,60,1960-03-10,Tajikistan,"Physicist, medical",Space exist line until include culture strategy. Focus knowledge new student.,Negative,-142.749122,66.564131
Robin,82658,M,31,1989-11-13,Fiji,"Programmer, applications",Outside town station former crime. Phone across size easy me section ten.,Neutral,-95.98293,-41.359623
Brenda,158124,M,93,1927-03-25,Fiji,Waste management officer,Four wear million citizen whose space I source.,Negative,169.113218,-32.6567085
Sara,229594,M,40,1980-08-02,Belize,Hydrogeologist,Practice east race of believe feel product. Wife all member beat.,Positive,178.074167,77.39951
George,160331,M,59,1961-07-23,Gibraltar,Hydrogeologist,Prove expert mission market stage laugh area. Much interview article fight.,Neutral,25.427449,-46.610224
Michael,249580,F,101,1919-03-28,Belize,"Programmer, applications",Place total enough clearly. Director this early military out although.,Neutral,125.15501,24.261545
John,41593,F,44,1976-05-13,Fiji,"Physicist, medical",Program television raise military in option list.,Neutral,-157.288159,-29.617948
Nicholas,218552,F,71,1949-02-23,Gibraltar,"Engineer, petroleum",Himself method wrong hard let short others.,Negative,10.558348,-67.987382
Brittney,58593,M,24,1996-01-06,Tajikistan,Hydrogeologist,Despite more position should sea. Section meeting beyond.,Positive,22.230545,87.456025
Monica,74765,M,105,1915-01-12,Belize,Hydrogeologist,Animal simple year hit member support bag fund.,Negative,106.912291,69.879808
Brianna,78084,M,103,1917-05-01,Tajikistan,"Physicist, medical",Structure mean purpose performance. And week everyone think kitchen likely.,Neutral,165.649511,-4.2063625
Sydney,151234,M,42,1978-01-09,Tajikistan,Hydrogeologist,Story situation blue history life if many could.,Negative,-53.716017,-29.157625
Jerry,98556,M,65,1955-03-20,Gibraltar,Catering manager,Turn draw within dog cost reason everyone.,Neutral,115.396002,39.8158025
Robert,136144,M,11,2009-06-06,Gibraltar,"Programmer, applications",Child skin hear head citizen. Population perform already paper.,Neutral,-119.270822,-28.905005
Jason,67349,M,51,1969-05-11,Belize,Theatre manager,Her free under spring participant finish.,Positive,87.634155,6.571586
Brittany,158200,M,22,1998-10-27,Tajikistan,"Programmer, applications",Professor girl take million.,Positive,54.967574,-3.8396715
Randy,114774,M,47,1973-06-28,Fiji,"Programmer, applications",Ago start describe. Call prepare common reach.,Negative,136.731307,-15.3590125
John,155470,M,59,1961-06-16,Tajikistan,"Physicist, medical",Piece sign life call. Television chance nearly certain long husband.,Negative,-170.057824,-44.9746465
Judy,87861,M,27,1993-03-04,Fiji,Hydrogeologist,Traditional big after hair now smile treatment.,Positive,-20.546907,74.329573
Nicole,123090,M,77,1943-06-23,Belize,Hydrogeologist,Energy site baby executive chance. Quickly a wonder difference table.,Negative,-161.640779,39.28529
Renee,115526,M,90,1930-06-24,Fiji,Theatre manager,Bar over food country guy sound answer. Quite evening left military trial fire.,Negative,120.413868,-45.759903
Shawn,35532,F,63,1957-11-02,Tajikistan,"Engineer, petroleum",Rate same success because arm. Argue want lay generation.,Neutral,-93.379175,61.9048315
Miranda,201098,M,97,1923-07-06,Belize,Waste management officer,These record father as. Seat source man man fact word. End cause again health.,Negative,69.515658,-38.455018
Janet,189339,M,29,1991-12-23,Fiji,"Programmer, applications",Run order enter. Effect both happen participant where.,Positive,-136.851499,-73.6335135
Michael,87634,F,64,1956-08-05,Tajikistan,"Programmer, applications",Continue tree back service. Face actually understand light range seek.,Neutral,156.608927,77.3585365
Brenda,160840,M,97,1923-09-28,Gibraltar,Hydrogeologist,Southern travel week son stand who nothing. Wife property series lot.,Positive,-155.302764,39.9601635
Christopher,208319,M,53,1967-05-09,Lesotho,Theatre manager,Trade by among safe financial model board around.,Positive,60.960461,30.0460795
Lori,229166,M,87,1933-10-05,Gibraltar,Lexicographer,Major college country class beautiful identify. Talk resource serve sound gun.,Positive,-92.036927,-46.339396
Destiny,67455,F,97,1923-10-23,Gibraltar,Lexicographer,Must forget world finally add page.,Neutral,54.298783,-13.5530495
Jamie,210005,M,87,1933-06-09,Gibraltar,Hydrogeologist,Look stop item rock receive fact treat. Myself bring yeah house.,Positive,-54.142137,28.9933585
Nancy,115104,F,25,1995-10-12,Belize,Waste management officer,Watch book attack seem free list kid. Why at type lose impact civil own.,Positive,95.270055,81.710022
Donna,43526,F,37,1983-06-16,Lesotho,"Physicist, medical",Almost relate experience trip finish. Born dinner I box get partner.,Negative,177.092747,41.896819
Isaac,65147,M,91,1929-11-11,Lesotho,Waste management officer,Play list window fish meeting. Produce apply town community idea.,Positive,-172.036602,-30.8216675
Toni,87462,F,15,2005-07-29,Fiji,"Therapist, art",Identify star important treat. Food see board power. Head cause rise ahead.,Positive,-123.194173,-18.5592535
Lucas,202148,F,12,2008-10-24,Gibraltar,"Programmer, applications",Central spring animal able forward professional. News while option result blue.,Negative,-3.690012,-44.6859365
Jennifer,40502,F,68,1952-09-06,Fiji,Catering manager,Off instead help. Where clear whom stop. Head lot matter always.,Neutral,100.57716,-35.6236845
Edward,155024,M,27,1993-07-05,Fiji,Waste management officer,Them occur mind idea about wear against west.,Negative,-65.706252,33.010582
William,96521,M,2,2018-08-16,Gibraltar,"Programmer, applications",Just design main week story reason. Back them draw question team attack see.,Positive,77.532046,56.5769555
Kimberly,38615,M,113,1907-03-19,Fiji,Catering manager,Seek difference option majority yard service course movement.,Positive,43.53149,-71.337046
Oscar,53597,F,36,1984-02-04,Tajikistan,Theatre manager,Really statement while go. Along and most family girl listen already.,Positive,147.79171,14.422019
Johnny,207724,F,64,1956-09-13,Lesotho,Waste management officer,Trial usually citizen total eight.,Positive,-162.654386,-27.186565
Christy,174279,M,58,1962-01-15,Fiji,"Physicist, medical",Themselves network improve book head himself debate various.,Neutral,48.459711,-34.2535945
Billy,119037,M,104,1916-10-22,Fiji,Theatre manager,Or option experience price example most give major.,Positive,-126.746404,-74.526433
Yolanda,52334,F,80,1940-03-05,Fiji,Hydrogeologist,Work away fly. Ask site operation become about. Direction first blood eye.,Positive,-23.392811,67.845406
Darryl,124637,M,5,2015-01-30,Gibraltar,Hydrogeologist,Theory event care show around. We market who provide tax sure Congress.,Positive,70.27895,80.3607635
Michael,166397,M,16,2004-01-26,Gibraltar,Theatre manager,Resource inside personal method authority.,Positive,168.487989,42.914535
Spencer,241028,F,111,1909-08-28,Fiji,Waste management officer,Bad week serious institution speech always. Strong board oil also.,Neutral,50.178508,58.766855
Rebecca,30537,M,114,1906-12-22,Tajikistan,"Therapist, art",Feeling thousand according instead attention how.,Positive,119.947298,-35.729002
Amy,47462,M,56,1964-08-15,Tajikistan,"Therapist, art",Show perhaps century special. Throughout seat teach and book.,Positive,-4.857048,47.154553
David,122159,F,54,1966-07-10,Fiji,"Engineer, petroleum",Baby back weight company west adult. Police laugh good learn.,Neutral,100.384448,72.5104365
Jared,209771,F,105,1915-11-27,Belize,"Therapist, art",Family yes sit test. Especially Republican inside.,Negative,-23.456865,82.5038245
Timothy,59219,M,50,1970-02-24,Lesotho,Waste management officer,Herself rather quite series travel. Near and hair answer phone.,Positive,70.986594,-62.215419
Melissa,202805,F,84,1936-09-16,Tajikistan,"Engineer, petroleum",Star garden experience if total. Hour help keep doctor assume sister.,Positive,9.374563,82.199953
Luis,248048,M,78,1942-01-05,Gibraltar,Hydrogeologist,Tend push agent space. Should blue impact class lead include.,Positive,-133.2852,-13.8628085
Kevin,181035,M,58,1962-11-02,Belize,Lexicographer,Attention message word arm discover place hot. Music land Democrat will.,Positive,118.472265,0.9089285
Lori,202829,M,25,1995-08-02,Lesotho,Waste management officer,Even certain tax election individual.,Negative,-104.856217,75.3487375
Kristin,141769,M,9,2011-09-17,Lesotho,"Physicist, medical",Short Congress ground career officer most on rich.,Positive,78.865953,0.060462
Danielle,76650,M,48,1972-08-12,Lesotho,"Programmer, applications",Hospital long measure develop agent. Small down fly participant early.,Positive,17.744703,40.5076485
Christopher,121633,M,40,1980-12-26,Gibraltar,"Programmer, applications",Minute common artist help necessary sometimes whether girl.,Negative,-123.193293,81.8234165
Mathew,86022,F,102,1918-05-15,Tajikistan,"Therapist, art",Management stop world former. Approach recently your group car assume among.,Positive,65.594306,-56.0009745
Courtney,162375,M,102,1918-05-11,Lesotho,Theatre manager,Population head the shoulder before each itself. Indicate get then data.,Negative,56.931062,78.7657855
Joyce,248684,M,78,1942-06-20,Lesotho,Lexicographer,Race such hard need read to wish class. Big common remain increase develop.,Negative,-28.988527,-22.0612875
Chad,176562,F,58,1962-12-03,Gibraltar,"Therapist, art",Huge chance girl avoid list card continue.,Negative,-172.609899,16.2477645
Kimberly,149950,F,109,1911-09-17,Lesotho,Hydrogeologist,Need live use shoulder study hair between parent.,Neutral,-106.282113,-41.2625755
Adam,166839,F,21,1999-05-05,Belize,Theatre manager,Culture reduce always event which business their each.,Negative,-71.23111,31.4676235
Steven,48377,M,113,1907-11-05,Belize,Theatre manager,Whom bed right finish vote. Various miss seat reduce money adult politics.,Neutral,-166.233035,27.1949485
Emily,208283,F,44,1976-03-10,Fiji,"Physicist, medical",Something loss though rather best dark star.,Negative,51.275589,51.7165005
Maureen,192415,F,113,1907-08-03,Belize,Waste management officer,Popular itself green spring everyone main.,Neutral,-55.770992,-17.492244
Nathan,126660,F,18,2002-10-13,Gibraltar,Lexicographer,Note whom recently share card. Traditional travel skin.,Neutral,-56.512051,-49.320813
Dylan,160538,F,24,1996-10-21,Lesotho,"Programmer, applications",Large thousand possible simply month.,Positive,-89.882339,-44.2513415
William,185576,F,53,1967-08-01,Lesotho,Theatre manager,Partner suggest true sell else standard position successful.,Negative,53.932624,-15.013563
Kelly,194935,M,103,1917-02-19,Belize,"Physicist, medical",Amount realize husband. Several perform pattern degree.,Neutral,86.332303,12.087458
Benjamin,186086,F,102,1918-04-18,Gibraltar,Theatre manager,Good many same real. Production particular lose recognize newspaper number.,Neutral,71.648281,-15.115534
Thomas,138281,F,26,1994-07-31,Belize,"Physicist, medical",Source television how wear. Laugh by quite. Fast us girl skin short property.,Neutral,-84.768818,-58.71456
Curtis,242055,M,42,1978-11-22,Lesotho,"Engineer, petroleum",Give write usually company. Father score however present.,Negative,134.433972,-1.0016155
Renee,192954,F,82,1938-04-25,Lesotho,Lexicographer,Experience answer these member try interesting professor.,Negative,-103.292741,-5.0665785
Mark,192594,F,29,1991-06-22,Lesotho,"Engineer, petroleum",Billion culture us drug although. Character cover before card.,Negative,-32.527171,-65.241676
Kenneth,186291,F,78,1942-06-03,Gibraltar,"Physicist, medical",Modern couple of guy. Apply participant would risk line human.,Neutral,-71.738121,-73.417798
Connor,156632,M,53,1967-04-17,Gibraltar,"Programmer, applications",Education very remember newspaper else.,Negative,-170.089062,-75.6341985
Susan,141186,M,44,1976-05-09,Lesotho,"Physicist, medical",Beautiful resource account policy human election.,Neutral,-9.281772,-7.2957935
Ryan,104179,F,11,2009-08-07,Belize,Theatre manager,General admit national be. Too challenge growth blood wife amount fight.,Negative,15.801026,35.681963
Sarah,183509,M,68,1952-08-31,Belize,Theatre manager,Bag election significant course. Anyone clearly woman.,Negative,53.901289,-64.2586835
Rachel,212082,M,24,1996-07-16,Belize,Hydrogeologist,Method office shoulder may Mr rate boy. Indeed religious hold worry.,Neutral,-102.627492,36.841685
Melinda,115374,M,46,1974-06-02,Belize,Lexicographer,Security technology attack political bar. Consumer present meeting spring.,Positive,68.862757,-81.879533
Danielle,211244,F,112,1908-12-30,Fiji,"Engineer, petroleum",Pm agent agreement tough teach poor. Food west can.,Positive,115.105412,76.937559
Christopher,102605,M,45,1975-08-02,Gibraltar,Catering manager,Let entire understand big after response improve.,Positive,8.932008,45.1078725
Felicia,83507,F,69,1951-02-14,Belize,"Physicist, medical",Family late unit. Leave finally recognize radio friend.,Negative,1.296182,25.6309745
Kevin,45843,M,50,1970-12-02,Fiji,Hydrogeologist,Require just discover American home. Safe up floor save.,Negative,-132.372234,59.526908
Robert,136692,F,44,1976-01-26,Fiji,Hydrogeologist,Behind difficult writer government money factor management when.,Positive,-42.060823,-49.8193775
Scott,103547,M,92,1928-09-23,Gibraltar,"Programmer, applications",Finally drug more such something. View class trip.,Negative,164.873988,-86.0242675
Carolyn,83711,F,40,1980-08-14,Tajikistan,Hydrogeologist,Will ok general mission. Response tell growth another.,Positive,-124.482273,53.0612065
Michael,183849,F,7,2013-06-24,Belize,Hydrogeologist,Reveal field century agency. Apply seek firm suddenly strong research.,Positive,-33.839306,-5.144283
Jesus,76356,M,84,1936-04-16,Fiji,"Physicist, medical",Hope involve land difference grow avoid about.,Positive,29.139775,42.0325345
Cassandra,193617,M,32,1988-09-12,Belize,Catering manager,Heart wait organization happy collection anyone.,Positive,-106.919561,-86.898513
Garrett,119688,F,11,2009-03-04,Belize,Theatre manager,College take feel training forward. Rise game minute deal organization.,Negative,38.619089,3.7611585
Joseph,161555,M,102,1918-06-04,Tajikistan,"Programmer, applications",Majority me inside eye follow such. Else partner music.,Neutral,-69.100995,-0.059006
Nicholas,136552,F,83,1937-01-19,Lesotho,"Therapist, art",When federal current day message among law.,Negative,109.218918,4.0369775
Robert,212863,F,95,1925-04-13,Tajikistan,Theatre manager,Capital one agency type relationship team find.,Positive,141.78944,23.7658275
John,179321,M,72,1948-04-13,Tajikistan,"Therapist, art",Trade foreign dream pattern fast yard staff.,Positive,98.529932,47.228801
Hannah,126082,M,10,2010-01-14,Tajikistan,Catering manager,Bag market then American manager day point. Chance break over.,Neutral,-148.796596,-76.7567955
Rhonda,246919,F,52,1968-12-09,Tajikistan,"Engineer, petroleum",Ago war play state. Treat it lawyer court fly government.,Positive,-86.509393,-81.709721
Diane,48641,F,81,1939-07-19,Gibraltar,"Therapist, art",Bag through statement collection oil laugh. Forget ahead would summer.,Positive,106.376891,-76.619276
Sherry,182018,F,61,1959-11-04,Fiji,Theatre manager,Others specific day think heavy. Wife message area ahead.,Positive,-94.947897,57.28185
Jasmine,216123,F,11,2009-06-18,Fiji,Catering manager,Court present weight several.,Neutral,136.55392,53.264984
Audrey,40098,F,57,1963-01-21,Tajikistan,Theatre manager,Loss speak various no. Respond water baby analysis over the.,Positive,138.43144,42.92861
Ricky,80712,M,42,1978-01-29,Tajikistan,"Therapist, art",Defense new stock alone analysis.,Neutral,-109.449684,31.98162
Alicia,55561,M,103,1917-07-29,Belize,"Programmer, applications",Personal my government street strong less. Fear blue partner north become.,Neutral,-75.139612,-29.2717645
Jennifer,134935,M,54,1966-03-12,Belize,Hydrogeologist,Represent collection town general common year find worry.,Neutral,151.146079,88.9447295
Nicole,186893,M,64,1956-03-13,Lesotho,Catering manager,Player garden blood also address state leave.,Positive,124.456268,-18.7562415
Vanessa,83393,F,107,1913-09-16,Gibraltar,"Engineer, petroleum",Collection parent story red. Physical actually agency husband world.,Positive,-102.759341,-43.557193
Sarah,78623,M,70,1950-12-26,Lesotho,"Engineer, petroleum",Finally will executive become now event. High we sometimes note something.,Positive,-152.495102,-83.8729185
Jenna,89306,F,37,1983-11-30,Gibraltar,"Therapist, art",Move less country hit fill. Alone maybe because fact. Better factor full white.,Neutral,-143.948384,38.348781
Christy,172203,M,16,2004-04-13,Belize,"Therapist, art",General former share base person keep its. Board camera myself student.,Negative,69.265792,-88.330497
Michelle,69150,F,73,1947-12-21,Lesotho,"Programmer, applications",Yourself others nearly. End sense score put door. Ground as life heart.,Neutral,57.584664,68.709563
Laura,221525,F,26,1994-10-26,Lesotho,Theatre manager,Oil trade can great protect. Always turn on able tree happen success authority.,Neutral,-77.429921,20.303146
Mary,137523,F,115,1905-03-24,Gibraltar,"Therapist, art",Likely media standard traditional. Your stuff crime exactly main.,Positive,-99.976933,22.679191
Morgan,99125,M,49,1971-09-12,Lesotho,Hydrogeologist,Lay model cover back technology study trip. Ability present until Mrs.,Negative,2.968958,42.8691485
Mark,246228,F,65,1955-12-08,Tajikistan,Catering manager,Interesting across message yet wife program test crime.,Neutral,-13.419451,20.3987505
James,56587,F,59,1961-12-06,Gibraltar,Catering manager,Tough quickly authority little begin house. Star issue pay general rise.,Negative,-39.282983,27.8965565
Courtney,86134,M,111,1909-11-23,Belize,"Programmer, applications",Cultural perform treat natural. Kid suddenly agent poor management.,Negative,5.972847,72.154294
Rachel,187907,F,64,1956-05-03,Belize,Hydrogeologist,Show act painting go game right. Radio name teacher network.,Neutral,-4.267601,19.0159505
Crystal,115076,F,81,1939-10-07,Fiji,Catering manager,Surface social process yard create ok night.,Neutral,-76.419917,59.255038
David,99160,F,83,1937-05-09,Belize,Hydrogeologist,Administration debate decide garden face movie.,Positive,-168.580927,-39.229364
Michael,113106,F,6,2014-09-13,Tajikistan,"Therapist, art",Brother nothing a guess laugh.,Negative,-174.242278,27.840016
Sharon,92396,M,36,1984-02-19,Fiji,"Physicist, medical",Sister seven buy maintain stand. Too history weight night game this include.,Negative,-10.29769,-54.5498765
Michael,247011,F,17,2003-04-06,Lesotho,"Engineer, petroleum",Nature single suddenly near. Break beautiful effort sound.,Neutral,161.352278,-70.3974425
Erica,55139,M,69,1951-12-24,Lesotho,Lexicographer,Executive easy billion position. Treatment fund happy ten my.,Neutral,19.284357,12.733972
Luke,155458,F,103,1917-06-02,Belize,Theatre manager,Room as accept game stay. Republican computer staff forget win.,Neutral,-89.508559,-25.5788075
William,122830,F,88,1932-07-20,Lesotho,Catering manager,Item many color present national. Center along whose doctor material shoulder.,Neutral,-131.054603,-66.3295285
Nicole,220299,M,33,1987-12-10,Fiji,Waste management officer,Evening treatment picture nearly.,Negative,71.214868,1.843923
Angela,193482,M,21,1999-08-06,Tajikistan,Hydrogeologist,This ready career. Top season base say charge provide contain item.,Neutral,156.022819,77.857552
Justin,134572,M,83,1937-03-09,Tajikistan,"Programmer, applications",Meet health opportunity movement blue send. Husband cut director compare owner.,Neutral,166.313908,-14.9584175
Ariana,115429,M,66,1954-06-05,Lesotho,Catering manager,Share try century effect class attack newspaper.,Positive,-45.848279,43.456168
Nicholas,217752,F,46,1974-01-18,Tajikistan,"Engineer, petroleum",Week positive stock other. Property anything PM argue several here.,Positive,-12.359429,42.449419
Susan,55690,M,96,1924-09-23,Tajikistan,"Physicist, medical",Dark writer town yes much recent for.,Positive,-18.586051,-1.9609385
Mary,249854,M,62,1958-06-27,Gibraltar,Theatre manager,Heart culture against friend play. Thank interview certain group week.,Neutral,172.676038,-50.728525
Donald,88244,F,15,2005-07-08,Lesotho,"Programmer, applications",Medical entire inside write catch fish specific enjoy.,Neutral,135.572505,-52.8170725
Danielle,121304,F,8,2012-06-25,Fiji,Theatre manager,Most probably war after local those short.,Negative,-141.608378,-43.327458
Tina,125421,M,17,2003-01-10,Fiji,Waste management officer,Evening director fall condition administration blue. Best work tend base.,Neutral,165.122308,-64.2172215
Nicholas,139616,F,87,1933-11-26,Tajikistan,"Physicist, medical",Guy situation throw against care. Cause news establish lead training letter.,Negative,73.896586,44.192935
Kimberly,83317,M,71,1949-05-31,Gibraltar,"Programmer, applications",Long turn hand hot reduce music. Forward probably name attack space news clear.,Neutral,26.825753,15.358019
John,64425,F,115,1905-09-02,Tajikistan,"Physicist, medical",Conference position either pass TV occur. With successful building tell.,Negative,59.589917,-65.522821
Jonathan,164966,F,38,1982-04-28,Lesotho,Waste management officer,Thousand along measure range development happen whose.,Positive,73.867813,-86.448141
Luke,55555,F,77,1943-09-07,Lesotho,Theatre manager,A green myself recently. Set history report feeling push note since.,Positive,-122.454101,-81.9293655
Martin,43431,F,85,1935-11-19,Fiji,"Physicist, medical",Let TV street. Order finish election by appear miss professional walk.,Neutral,46.624171,85.419871
Matthew,53181,M,52,1968-05-30,Lesotho,Hydrogeologist,Among of why. Listen skin drive early reason service paper.,Negative,91.740478,69.98102
Joel,226619,F,24,1996-07-15,Belize,Waste management officer,Lead minute recognize site. Discover entire dinner sit fight.,Negative,-174.173207,-69.237471
Martin,188359,F,60,1960-08-03,Lesotho,"Therapist, art",Discussion clearly other. Parent billion dark may at future everyone.,Negative,28.698716,44.3878955
Joel,151081,M,36,1984-11-17,Fiji,"Physicist, medical",Hand particular quality carry. Mission eye remain music usually.,Negative,5.628059,69.209592
David,149445,M,3,2017-04-07,Fiji,Waste management officer,Door last thank away place section.,Neutral,-168.421324,42.935455
Dylan,217379,F,109,1911-06-24,Tajikistan,"Engineer, petroleum",Appear movie though decision present. Avoid hope ground term room PM.,Negative,-62.125576,14.736584
Jennifer,139708,F,1,2019-08-12,Fiji,Theatre manager,Reduce story couple table six low.,Neutral,-78.670819,-25.0464005
James,203490,F,112,1908-09-21,Fiji,"Programmer, applications",Moment traditional still increase worry.,Negative,77.838916,61.9718675
Stephanie,249795,F,56,1964-07-19,Belize,Theatre manager,Like there hospital course.,Neutral,-110.755239,-44.716214
Matthew,94371,F,74,1946-03-09,Belize,Catering manager,Democratic fall star artist thought discover prove surface.,Negative,-9.660109,46.783631
Sean,80219,F,46,1974-01-01,Gibraltar,"Physicist, medical",Often third inside main foreign room capital.,Positive,168.262203,5.8364885
Jody,137823,F,90,1930-12-25,Tajikistan,"Therapist, art",Anything offer rather technology oil. Product sit military value.,Negative,170.438221,-48.662121
Jared,113510,M,2,2018-03-19,Tajikistan,Theatre manager,Who put firm increase. Shoulder moment key a. Tree note product maintain.,Positive,84.633179,-53.4514965
Timothy,237563,M,69,1951-10-01,Fiji,"Therapist, art",Care food approach bar never natural business. Laugh but recently side go.,Neutral,-164.681142,35.2158385
Thomas,192999,M,89,1931-12-10,Lesotho,Waste management officer,Single glass play reality medical. Trade reality option help effect.,Neutral,-165.680146,9.839233
Michael,44771,F,34,1986-01-04,Gibraltar,Theatre manager,Matter during itself fill rule. Gun from report miss to scientist attack.,Neutral,-142.301577,-21.9699305
Kimberly,123677,M,30,1990-10-12,Fiji,Lexicographer,East throughout body hold attention expect board offer.,Negative,85.969038,-10.47052
Cory,134657,F,47,1973-06-12,Fiji,Waste management officer,Throughout can help however responsibility position.,Positive,-113.338661,26.4144095
Kimberly,240740,M,80,1940-03-20,Belize,"Engineer, petroleum",Half source though business. Kid respond forward me hold while among.,Neutral,13.870522,-73.0512205
Fred,36218,M,95,1925-09-17,Fiji,Hydrogeologist,State capital front price bad practice staff. Law score though war no class.,Negative,16.753088,-77.859621
Douglas,211906,F,62,1958-08-10,Lesotho,Theatre manager,Join water question contain man. Soon common blue.,Neutral,109.753373,22.504925
Michelle,140712,M,89,1931-12-10,Tajikistan,"Engineer, petroleum",Describe country board different wide able. Speech could its art head stage.,Neutral,-46.682865,78.757888
William,220192,F,36,1984-01-20,Fiji,Lexicographer,Million general could. Fast conference north worry able fill future.,Neutral,43.425517,-43.8816525
Zachary,96011,M,0,2020-09-28,Belize,"Therapist, art",Together design myself break next follow. Bed like recognize close fine.,Negative,-29.241472,-31.460468
Jim,234317,M,1,2019-03-26,Tajikistan,Waste management officer,Explain purpose final everything save course.,Positive,103.579371,86.759284
Tracy,40278,M,103,1917-01-24,Lesotho,Hydrogeologist,Owner kind message bill already with our.,Positive,-30.471763,49.7144
James,55519,F,6,2014-06-03,Fiji,Lexicographer,Customer fish sell public. Popular whom rule rest almost use page.,Positive,6.438868,78.002017
Jennifer,151952,M,102,1918-12-16,Fiji,"Physicist, medical",Race read act travel space describe onto interest.,Neutral,-157.451719,55.4679585
Michael,86202,F,76,1944-11-06,Tajikistan,Lexicographer,Suggest everyone teach total simple mother morning.,Neutral,-12.073551,-40.090473
Joshua,131273,F,91,1929-02-09,Fiji,Catering manager,Question common state change. Throughout include value fact item on.,Positive,63.51084,68.317583
Julia,137446,M,111,1909-03-14,Fiji,Catering manager,Loss since act industry feel. Reason police bag break.,Neutral,59.971731,34.79497
Meagan,150354,M,36,1984-10-06,Fiji,"Engineer, petroleum",Involve couple over. Expect west in easy their firm common.,Neutral,73.838508,-13.930938
Jessica,240420,F,83,1937-03-06,Belize,"Programmer, applications",Trouble investment party every money society. Cut program early another.,Neutral,56.014343,-23.5814125
David,213573,F,114,1906-04-24,Gibraltar,Hydrogeologist,Mean anyone sense bad traditional. Responsibility economy world hotel one.,Positive,13.097768,-57.676887
Veronica,160792,F,37,1983-12-24,Belize,Theatre manager,Simple hold himself. Popular get consider smile meeting project.,Negative,-1.405879,78.395469
John,112684,F,86,1934-08-12,Gibraltar,Lexicographer,Edge company direction talk system likely.,Positive,24.590508,-49.717632
Carrie,76138,F,36,1984-05-16,Tajikistan,Theatre manager,Animal anything suggest heart edge crime most. Deal remember finally remain.,Positive,-22.455779,49.3910235
Joseph,66591,F,85,1935-07-19,Lesotho,"Physicist, medical",Use well book seat information chair number.,Positive,179.831915,-0.047776
Carlos,103003,M,101,1919-12-15,Tajikistan,Waste management officer,Black cell catch activity door with. Picture cover change mention.,Negative,-50.854797,-8.276627
Cody,40578,M,96,1924-04-27,Gibraltar,Theatre manager,Have morning event other.,Neutral,-108.758353,-79.8152185
Susan,178033,M,43,1977-02-14,Belize,Catering manager,Art body themselves modern improve product around.,Positive,116.298975,-74.4157055
Philip,139506,M,5,2015-04-09,Lesotho,"Programmer, applications",Smile drug view already. Home loss computer cup court news.,Positive,173.708087,42.8293215
Jill,134788,M,41,1979-08-23,Belize,"Programmer, applications",Wide above necessary yourself happen TV.,Negative,-132.138522,-2.1654955
Caroline,178090,M,44,1976-06-07,Gibraltar,"Engineer, petroleum",Age senior east baby allow rest late. Knowledge continue call woman respond.,Negative,132.532232,27.249961
Betty,188050,F,68,1952-07-11,Fiji,"Therapist, art",Recently age assume game available. Enjoy check city service.,Negative,2.165006,-24.9817255
Robert,143959,M,93,1927-12-09,Tajikistan,"Programmer, applications",House body above any major by office air.,Negative,104.85067,-69.8754215
Michelle,138904,M,78,1942-11-20,Tajikistan,"Programmer, applications",Able fly have a policy system education. Whom record focus.,Negative,51.597414,-41.125117
Christina,242245,F,80,1940-01-29,Belize,"Programmer, applications",Help beat already including. Would news exist help event.,Negative,3.655785,-40.2631655
Anita,228450,F,47,1973-10-11,Gibraltar,Catering manager,Could various half good. Long today nor.,Negative,-45.648365,59.238394
John,89356,M,91,1929-01-11,Fiji,Catering manager,Bag bed build state understand past stock.,Positive,-38.920894,16.973032
Danny,120051,M,7,2013-07-23,Lesotho,Catering manager,Fight wonder year range no exist determine concern.,Positive,114.325641,-86.209758
Beverly,43664,M,48,1972-07-16,Fiji,Waste management officer,Care later so top prevent actually. Measure human maybe look like no another.,Positive,159.844626,15.507707
Pamela,243430,F,78,1942-03-03,Fiji,Catering manager,Feeling item movement international ability factor.,Negative,115.692058,-29.048021
Joseph,234414,F,65,1955-08-09,Fiji,"Physicist, medical",Speech marriage enough report weight that. Above suggest low trade cut.,Neutral,-136.030309,20.1004965
Gregory,221019,F,1,2019-08-08,Tajikistan,Hydrogeologist,Street must home two sister bank data.,Negative,-100.064997,-19.552888
Johnny,79223,M,113,1907-02-07,Belize,Hydrogeologist,Process near too show produce follow yet. Hundred important sound factor area.,Neutral,-10.465172,-42.245107
Jessica,168153,F,51,1969-08-27,Fiji,"Therapist, art",Call something television. Employee new into without knowledge door.,Negative,-11.315603,51.3749925
Leslie,146811,F,78,1942-02-02,Lesotho,"Engineer, petroleum",Represent same view significant chance service blood.,Neutral,166.060304,58.4457455
Tyler,30697,M,13,2007-06-18,Tajikistan,"Programmer, applications",Sort few cut trade expert. Contain foot food gas hour.,Neutral,76.100886,28.5593005
Teresa,237328,F,52,1968-03-27,Fiji,Theatre manager,Cultural free forward road. Tonight administration bring.,Neutral,86.016883,-16.728592
Marcus,130018,F,23,1997-02-25,Lesotho,"Therapist, art",Who cut instead star care edge than. Ready ok west ready federal.,Neutral,20.114545,-73.511724
Eric,198301,F,74,1946-01-04,Gibraltar,Waste management officer,Agreement character against sign degree almost.,Neutral,148.336077,-38.8506405
Michele,150663,F,12,2008-12-08,Tajikistan,Waste management officer,Side environmental local loss American democratic activity order.,Positive,-133.033667,-47.272298
Albert,59800,F,9,2011-05-22,Belize,"Engineer, petroleum",Test nor crime he dog continue. Drug myself list even but.,Neutral,-79.410592,-37.0643045
Earl,133632,F,21,1999-09-05,Belize,"Engineer, petroleum",Successful first police indeed. Million look part first.,Negative,48.499831,-85.6940395
Chad,187418,F,105,1915-06-14,Gibraltar,Hydrogeologist,Medical investment wall group up president. Race north spring ahead thank gas.,Positive,-60.324208,84.715091
Daniel,215806,M,40,1980-10-13,Gibraltar,Theatre manager,More them since fire affect four people.,Negative,-98.499669,44.376527
Joshua,247174,M,69,1951-12-31,Fiji,Waste management officer,Exist wall fire stay. Myself lay two friend big hard. People edge former scene.,Negative,-53.66358,-85.174857
Cynthia,214649,F,1,2019-12-30,Tajikistan,Waste management officer,Effort keep pull apply hand ability scientist.,Negative,-161.310847,29.758214
Nicole,140581,F,4,2016-08-09,Fiji,Waste management officer,Maybe appear statement bad. Type sister rock reduce accept stuff.,Positive,77.693714,-89.7214155
Marcia,161383,M,49,1971-01-09,Gibraltar,"Engineer, petroleum",Central forward west. House president bed article.,Positive,-132.867753,-56.0294585
Travis,151892,M,35,1985-10-03,Fiji,Theatre manager,Although reach officer today. Alone treat change learn people national night.,Neutral,-65.690412,59.5431825
Christina,120841,F,106,1914-01-27,Lesotho,Catering manager,Change hour foot real southern wife item.,Neutral,-161.018663,61.542256
Renee,110456,M,77,1943-07-12,Lesotho,Hydrogeologist,Per style suggest truth new. Life crime financial he.,Neutral,60.225463,-27.7285725
Alicia,168123,M,52,1968-03-01,Fiji,Hydrogeologist,Statement foreign fall. Term move second prove heavy.,Neutral,129.917292,-34.1773425
Marcus,234183,F,23,1997-04-25,Belize,Waste management officer,Region school entire government bag customer stand.,Neutral,121.710802,30.8242735
Michael,151443,M,56,1964-09-20,Belize,"Engineer, petroleum",Often answer newspaper economic part magazine term television.,Positive,160.287581,-85.578972
Jeffrey,248085,F,91,1929-01-05,Gibraltar,Theatre manager,Finish matter officer purpose spend cost radio. As real view financial.,Neutral,-173.875203,-40.6712005
Zachary,58526,F,55,1965-11-13,Gibraltar,Hydrogeologist,Hot many someone eight. Education not language instead site.,Negative,-163.743295,-41.5615135
David,38979,M,45,1975-04-01,Tajikistan,Theatre manager,Once leave per worry game something almost.,Positive,37.659607,50.7066985
Brandon,200740,F,67,1953-04-02,Fiji,"Engineer, petroleum",Time how administration yet heavy almost next. Put relationship whom billion.,Negative,58.387498,-47.4561965
Christopher,66616,M,89,1931-10-18,Lesotho,Hydrogeologist,Guess past bar quality region note themselves. Begin care whom receive first.,Negative,-72.281893,-47.335342
Amber,84398,M,83,1937-04-21,Belize,"Programmer, applications",Bill thought foot address various. Share first party. Off end occur season.,Positive,12.221248,43.0089115
Melissa,125669,F,71,1949-08-27,Belize,Theatre manager,Him less but individual. Recognize program meeting walk late field now.,Neutral,136.783606,-69.5958595
Jason,64336,M,100,1920-01-18,Tajikistan,"Engineer, petroleum",Face recent bit operation policy around toward.,Positive,98.409152,-38.9583925
Brian,54079,F,33,1987-02-25,Lesotho,"Physicist, medical",Dinner force soldier arm yourself arrive size.,Neutral,15.767831,25.495528
Jennifer,187148,M,25,1995-09-07,Gibraltar,Lexicographer,Necessary available article town. How meeting his many consider.,Negative,-112.597629,7.684228
Angela,214551,F,110,1910-03-27,Belize,"Physicist, medical",Change seek such shake traditional likely wrong purpose.,Negative,-120.627738,-77.8580915
Anthony,120102,M,104,1916-08-24,Fiji,"Programmer, applications",Huge range worker your. Other safe respond live. During born then.,Positive,-96.445192,87.2367395
Stacy,211805,M,31,1989-10-31,Lesotho,"Engineer, petroleum",Skin usually degree much nothing too. Feeling drop just stuff customer.,Neutral,163.785049,36.826502
Lydia,220580,M,19,2001-05-20,Fiji,Waste management officer,Scene apply material radio find ball eye.,Neutral,-139.126671,-81.0067415
Gabriel,221759,F,37,1983-05-07,Tajikistan,Lexicographer,Five on newspaper need money blue apply.,Neutral,14.103613,85.659495
Alexander,249187,M,40,1980-10-28,Fiji,"Programmer, applications",Happen attorney police space already citizen current.,Positive,-64.299717,77.352224
April,176830,M,58,1962-11-10,Fiji,Waste management officer,Foreign lawyer east author. Clear edge third five experience director various.,Positive,178.608493,-18.22704
Alexis,152313,M,75,1945-10-05,Lesotho,Lexicographer,Analysis factor window senior although believe ask. Realize stock drop.,Positive,95.514449,58.213863
Diane,65040,F,31,1989-04-18,Tajikistan,"Engineer, petroleum",But walk way beat eat. Benefit staff forward where.,Positive,-79.985027,-70.571794
Heather,82747,F,53,1967-12-15,Tajikistan,"Programmer, applications",Interest war billion represent science alone thousand. Buy a benefit radio may.,Negative,-29.134044,-6.982726
Gregory,111988,F,49,1971-08-09,Fiji,Theatre manager,Behavior find back son bag Mrs. My election participant sure watch.,Negative,155.886489,31.70804
Kyle,137078,F,114,1906-10-17,Fiji,Waste management officer,Minute both interest hair interview husband.,Neutral,14.561726,-26.0145835
Dennis,228070,M,71,1949-09-11,Belize,"Therapist, art",Several find yeah for though physical.,Neutral,-151.792869,65.4250515
Heather,111248,M,23,1997-08-15,Lesotho,Lexicographer,Impact financial blood your someone age. Also have life range reveal card.,Negative,156.761543,42.518408
Jane,186341,F,82,1938-11-29,Gibraltar,Theatre manager,Like recently would nice administration century strategy.,Negative,-128.85748,-43.7251905
Sheila,106384,F,30,1990-07-03,Tajikistan,"Engineer, petroleum",Democratic old represent yet increase simple. Fire time area skin such.,Negative,151.008144,-36.7868635
David,54732,F,66,1954-03-07,Gibraltar,"Physicist, medical",Contain argue minute food good. Future trial special answer young contain.,Positive,97.100949,23.4163485
Brian,49389,F,115,1905-07-05,Tajikistan,Hydrogeologist,Miss many agreement claim. Price suffer direction and now choose.,Positive,107.288863,-75.244691
Alex,80347,M,58,1962-05-11,Tajikistan,Lexicographer,Owner college again line general similar increase white.,Neutral,15.196066,49.0790035
Charles,81972,M,14,2006-12-31,Fiji,Waste management officer,Take line pressure. According seat foreign against after.,Neutral,87.697493,-65.9726755
Cameron,99682,F,84,1936-03-03,Gibraltar,Theatre manager,Answer news sit near edge since. Red change evening Congress movement contain.,Neutral,167.990367,-60.095876
Karen,91602,M,4,2016-01-12,Belize,Waste management officer,Husband property special think. Product wish say month law treatment.,Positive,-167.763067,-43.3887335
Jose,146443,F,57,1963-11-25,Tajikistan,"Engineer, petroleum",Audience company behavior. Hear leader why every reveal bit.,Negative,-117.559227,33.014635
Sandra,82810,M,4,2016-02-25,Lesotho,Theatre manager,Movie opportunity sit standard new.,Neutral,-89.141965,-59.051483
Sharon,47738,F,64,1956-03-19,Gibraltar,Hydrogeologist,Factor project just store interesting.,Positive,109.371095,-43.2349315
Wesley,112299,F,27,1993-05-23,Tajikistan,"Engineer, petroleum",Class world rest local carry social each close. Mrs idea father say.,Positive,164.97606,17.9006245
Benjamin,82442,M,38,1982-07-20,Gibraltar,Lexicographer,Middle behavior coach age seek. This south ready similar.,Positive,-65.998143,48.8625245
Melanie,100122,F,103,1917-03-25,Belize,"Engineer, petroleum",Less about newspaper reveal well environmental. Current over view.,Neutral,4.377625,4.8400175
Luis,210336,F,47,1973-03-18,Gibraltar,Waste management officer,Some above issue whether officer marriage cup. Walk eight play why should.,Negative,-152.314271,-83.7878015
Jennifer,195180,M,48,1972-01-31,Belize,"Therapist, art",Stuff amount seven activity. Serve body several stop say side cover.,Neutral,-62.029402,74.4141335
Jeffrey,227060,F,79,1941-08-07,Lesotho,Hydrogeologist,Participant these else will. Century network smile plan week claim.,Neutral,17.780087,-17.2798015
Michael,86756,M,19,2001-04-19,Fiji,"Programmer, applications",Adult resource rich hope. Begin film visit throughout. Man member there.,Negative,68.336804,-20.47778
Elizabeth,37181,M,84,1936-11-17,Gibraltar,"Therapist, art",Like PM admit serious something hospital size mention.,Negative,-145.712304,-9.522418
Deborah,106283,F,38,1982-11-01,Belize,"Engineer, petroleum",Better prove heavy more every degree environment.,Positive,-120.768376,36.096792
Teresa,184452,F,101,1919-08-26,Gibraltar,Theatre manager,Age lead theory speak financial explain activity space. Meeting food cut care.,Negative,-78.377496,-4.7845995
James,119902,M,11,2009-10-14,Lesotho,Lexicographer,Serious prove these management already figure.,Negative,58.82725,-44.6711225
Tammy,160516,F,24,1996-09-09,Belize,Lexicographer,Region help from trip. It commercial hope marriage effort.,Positive,-32.796504,34.080372
Sean,73277,M,2,2018-09-24,Fiji,Hydrogeologist,Arrive should as. Food wind need. Care crime turn east.,Negative,107.433496,-60.4137275
Nancy,244414,M,64,1956-10-26,Fiji,"Engineer, petroleum",Stand car wind share realize decade.,Positive,69.530682,70.426712
Robert,229761,F,12,2008-01-09,Lesotho,"Therapist, art",Seem everything top ago dream. Head step single politics kid arrive itself.,Negative,-92.134757,69.686398
Cindy,232873,M,99,1921-09-30,Fiji,"Programmer, applications",Hundred religious nature manage. Increase rule last.,Neutral,93.040602,-36.5190985
Jessica,48662,F,11,2009-11-28,Belize,"Therapist, art",Direction college here of day expert song ready.,Neutral,-17.292054,-76.614352
William,248160,M,48,1972-03-11,Belize,"Programmer, applications",Generation feel story use could look own.,Positive,76.797623,-28.4534115
Samantha,39502,F,73,1947-11-11,Belize,"Therapist, art",Increase compare town although. Affect since whole receive care.,Negative,0.896699,8.4174055
Robert,83623,F,70,1950-09-23,Fiji,"Engineer, petroleum",Light citizen well suffer ground push water.,Negative,133.687562,59.5240345
James,199469,M,22,1998-03-22,Fiji,Hydrogeologist,None able many task dream. Around whether start must. If wide media wish.,Positive,-106.630318,-16.055852
Tina,50308,F,23,1997-06-24,Fiji,"Programmer, applications",Industry by girl a Republican yes. Piece hand choose over act.,Neutral,108.289753,63.8774925
David,59790,F,89,1931-04-07,Belize,Catering manager,Discover world message travel law. Interest help center student dark market.,Positive,-140.981784,17.495814
Kenneth,137542,M,77,1943-04-21,Fiji,Hydrogeologist,Girl far be relate daughter trip yard. Per must hotel leg say next.,Positive,61.300093,12.6530155
Latoya,76491,F,66,1954-12-08,Lesotho,Waste management officer,Free realize child traditional treat.,Neutral,-157.098631,-16.450614
Frances,113357,F,2,2018-01-08,Gibraltar,Theatre manager,Key activity this actually skill.,Negative,-91.326819,22.308481
Tracy,121128,F,115,1905-03-16,Belize,Waste management officer,Particularly describe beat off. Century just personal its.,Negative,-138.591475,-41.7269845
Monica,232224,F,18,2002-08-27,Fiji,Lexicographer,State look city leave reach. Space pay itself month position action indeed.,Positive,-149.890344,53.9468855
James,126186,F,22,1998-10-01,Belize,Hydrogeologist,Establish another present environmental move understand. Day thought big.,Positive,-71.476166,47.195302
Dana,46770,F,37,1983-09-28,Belize,Waste management officer,Line authority deep simple policy probably. Believe only summer.,Negative,31.261495,76.0789795
Donald,226161,F,26,1994-12-30,Fiji,"Programmer, applications",Fly know sort gas thus detail bad. Generation food performance peace student.,Positive,-89.270999,9.9660815
Leonard,144743,F,30,1990-08-31,Lesotho,Theatre manager,With close color indicate. Since time contain service.,Negative,-126.262225,83.4185615
Jessica,217971,M,88,1932-08-06,Tajikistan,"Engineer, petroleum",Eight box buy appear consumer. Job a page air.,Negative,72.92037,77.321658
David,234766,F,86,1934-07-21,Gibraltar,Hydrogeologist,Short security report near mouth part mission value. Heavy ten each then.,Neutral,176.065653,-13.811672
Lawrence,198913,F,77,1943-02-04,Gibraltar,Theatre manager,Set by scene number physical fact. Why budget ball mouth cost.,Positive,156.781538,-71.482982
Amanda,95520,M,35,1985-05-21,Fiji,"Programmer, applications",Sing central wide open. Score room myself professor of better western in.,Negative,-42.054689,-86.857768
Dan,42154,M,92,1928-12-29,Tajikistan,Waste management officer,So human spend forward face institution space.,Negative,84.724714,3.8278725
Donna,134818,F,81,1939-05-02,Belize,Hydrogeologist,None much strategy. Group trial himself story plan beat.,Negative,-24.508794,46.2962
Nicholas,98069,M,11,2009-12-10,Belize,"Therapist, art",Unit help behind bed. Book school service drug success past stand.,Neutral,-69.905824,-18.8881775
Rebecca,247201,M,50,1970-05-27,Fiji,Theatre manager,Produce form turn kitchen scene across.,Neutral,-100.532549,-47.943705
Andrew,31894,M,58,1962-07-11,Lesotho,"Physicist, medical",Clearly democratic help stand avoid program. Debate eat situation address in.,Neutral,100.491438,-31.265007
Jasmine,58343,F,75,1945-12-18,Tajikistan,Hydrogeologist,Area activity appear work ability until.,Negative,156.444539,4.77463
Wendy,157084,F,101,1919-07-23,Tajikistan,"Programmer, applications",Form onto race onto head. Say Democrat finally deep weight. Blood well appear.,Neutral,47.56375,-38.7030005
Maria,89336,F,61,1959-12-16,Fiji,Catering manager,Top statement purpose push partner there. Husband improve must effort pretty.,Negative,-46.805773,60.2310035
Phillip,240392,F,55,1965-08-18,Belize,Lexicographer,Wide accept tonight article. Single military end each talk apply final.,Neutral,155.706858,-9.366444
Michele,209439,M,19,2001-11-20,Belize,Waste management officer,Girl almost air nature million fill receive.,Positive,131.162446,49.634238
Karen,65535,F,81,1939-01-19,Fiji,Hydrogeologist,Behavior head trade wonder large report. Lead key picture follow buy.,Neutral,44.960868,-78.8457505
Sarah,112652,F,19,2001-03-24,Belize,Catering manager,Table movie among half. Sister level serve nothing.,Negative,1.477379,8.472553
Amanda,215711,F,30,1990-11-05,Lesotho,"Therapist, art",On carry increase leader community time.,Neutral,-33.951678,49.301586
Tammy,216590,F,67,1953-02-05,Belize,Theatre manager,Language or special marriage step cause run.,Negative,178.201872,87.345351
Paige,90999,M,31,1989-08-08,Tajikistan,"Therapist, art",Stand west time lot test east. Memory teach back.,Positive,105.442429,63.8184155
Judy,64744,M,34,1986-12-28,Fiji,Lexicographer,Great economic well night system writer figure. Prevent one story.,Neutral,167.93491,-64.0345515
Joshua,178518,F,17,2003-01-30,Fiji,"Therapist, art",Type next friend claim class hundred. Open bit maybe though hard five.,Neutral,-7.291752,34.323404
Kristina,248458,M,66,1954-05-26,Tajikistan,Waste management officer,Computer possible measure win officer from trial send.,Positive,21.759863,-53.027672
Jacob,146782,F,74,1946-01-23,Tajikistan,Hydrogeologist,Less fund room model interest positive early.,Negative,-121.300299,87.257346
Dillon,239249,F,36,1984-07-13,Belize,"Programmer, applications",Simply defense director environmental. Catch big memory boy think.,Neutral,-145.874289,-28.5309585
Suzanne,151027,F,95,1925-01-09,Gibraltar,Hydrogeologist,Politics bad page heavy how.,Neutral,-5.250175,-48.333663
Justin,130907,F,57,1963-03-27,Gibraltar,"Physicist, medical",Their shake organization probably room. Box parent too this across.,Neutral,149.13362,6.7609055
Christina,217665,F,92,1928-05-06,Tajikistan,"Programmer, applications",Your discuss attack project city. Happen court its thousand.,Neutral,77.138492,-28.9170735
John,46311,F,115,1905-05-17,Belize,Catering manager,Staff war effort police big health science.,Negative,62.482643,-70.9446055
Bradley,50201,M,108,1912-11-22,Fiji,"Programmer, applications",Mr several which lot. Not me director high of. Major shake face anyone.,Neutral,72.251299,-56.3299455
Alexandra,199371,F,35,1985-06-02,Lesotho,"Therapist, art",Various effort eye stock admit happen.,Neutral,88.520388,-20.1398115
Jennifer,217903,M,72,1948-07-15,Fiji,Hydrogeologist,Girl bank show. Remember then include grow.,Positive,43.392724,-22.537582
Russell,228829,F,5,2015-02-07,Lesotho,"Programmer, applications",Term catch whose seek garden. Hard record truth task live five usually.,Positive,17.922535,-87.288692
Steven,39319,F,94,1926-09-11,Belize,Theatre manager,Step society factor value. Move fight control order.,Negative,-131.477144,-88.9194815
Steven,144166,F,81,1939-12-21,Gibraltar,"Therapist, art",End money true including. American subject boy school onto quality break.,Positive,122.227951,-31.3167895
Anthony,228568,M,18,2002-08-04,Gibraltar,Waste management officer,Build agent establish crime. Low safe help sit hair seek.,Positive,152.187399,30.8868935
Marissa,188079,M,60,1960-07-21,Belize,Lexicographer,Believe laugh market. Laugh crime section network clearly finish market.,Positive,22.694906,31.1434825
Julie,52664,F,29,1991-03-18,Belize,Lexicographer,At above notice stay. Investment record name trade.,Neutral,-59.052952,-80.8104085
Lisa,192679,M,100,1920-05-05,Belize,Catering manager,Then only wall six. Amount born happen charge least. Break fly Mr glass order.,Neutral,21.992292,59.3704465
Kara,212340,F,90,1930-10-05,Tajikistan,Theatre manager,Quickly response doctor perform watch contain with event.,Negative,-139.145393,67.9108155
Anthony,54097,F,112,1908-04-05,Fiji,"Physicist, medical",Resource think first trade state. Gas against white right away traditional.,Positive,14.362763,35.6759145
Andrew,96777,F,46,1974-08-19,Tajikistan,"Programmer, applications",They energy main meet head find off home. Include town politics.,Negative,-144.342982,19.6251645
Amy,81408,M,77,1943-12-16,Fiji,Theatre manager,Which current item else. Care organization word.,Neutral,100.544399,84.9632545
Susan,171820,F,54,1966-04-24,Lesotho,"Physicist, medical",Experience those it generation seven financial section.,Positive,-177.792222,4.39172
Christopher,103200,F,4,2016-02-28,Fiji,"Engineer, petroleum",Attorney since kitchen. Happy image no blood. Hard ago as start help reduce.,Neutral,-144.067185,37.1487005
Glenda,176791,M,65,1955-10-06,Belize,Lexicographer,High international show administration surface.,Neutral,52.005883,44.473655
Caitlyn,143264,M,9,2011-04-03,Belize,Hydrogeologist,Candidate score arm visit. Must it military create them occur word.,Positive,112.223538,29.0349005
Joshua,43616,F,49,1971-08-08,Gibraltar,Waste management officer,Character science trouble fast family recent. West wear bag.,Neutral,139.493191,-57.935477
Charles,93531,F,35,1985-03-17,Lesotho,"Engineer, petroleum",Toward gas take job good general. When opportunity however seven clearly.,Negative,-9.651526,-74.154745
Tyler,39098,F,17,2003-05-06,Fiji,"Engineer, petroleum",Quality later affect property number nature think.,Neutral,12.528576,-16.235165
Stephen,200080,F,105,1915-01-17,Belize,Theatre manager,Ball often building age us officer traditional.,Neutral,30.762021,37.3356155
Gerald,152365,M,109,1911-02-26,Fiji,"Programmer, applications",Bag our type put what eat voice rise.,Positive,-161.219505,79.36551
Rachel,151086,F,102,1918-10-06,Fiji,Catering manager,Growth degree game choose. Give professional read all.,Negative,-145.821104,-42.6354665
Evan,36437,F,96,1924-04-15,Belize,"Engineer, petroleum",Role there operation candidate entire above.,Positive,35.723964,32.8610175
Matthew,146141,F,85,1935-08-06,Fiji,"Engineer, petroleum",Can certain strong total. Easy care its throughout.,Positive,-130.086518,60.6107005
Angela,100684,F,70,1950-08-31,Lesotho,Lexicographer,Top usually medical see parent room likely.,Negative,103.594033,2.891568
Sarah,190502,M,5,2015-06-28,Fiji,"Engineer, petroleum",Nothing about scientist score. Claim apply support science.,Positive,81.719038,-59.753977
Amanda,61510,M,115,1905-06-24,Lesotho,Catering manager,Customer everything inside amount eat writer. Certain paper lay again.,Positive,128.291178,47.6341425
Joseph,162737,F,19,2001-08-19,Tajikistan,"Engineer, petroleum",From then thing apply. Responsibility method career design manager board write.,Negative,-178.589183,-70.010129
Hannah,153965,F,69,1951-02-09,Tajikistan,"Programmer, applications",Standard strong environmental home focus issue.,Negative,-23.861564,-51.7326255
Nicole,82722,M,12,2008-04-24,Gibraltar,"Engineer, petroleum",Only pay three capital book trouble. Out difference much pay dark.,Neutral,158.931826,86.7872675
Sean,87001,M,110,1910-05-07,Gibraltar,Catering manager,Form discuss star current. Phone maybe watch into hundred situation.,Negative,-136.800899,-41.4108835
Cory,49512,F,15,2005-11-16,Tajikistan,"Programmer, applications",Dinner public follow building onto although.,Neutral,-23.240202,67.116212
Kelly,126110,M,86,1934-12-12,Belize,"Therapist, art",Account like build play. Agency personal according suggest resource.,Positive,45.550187,86.352308
Bruce,91501,F,63,1957-02-14,Tajikistan,"Physicist, medical",Success employee necessary avoid stuff major.,Negative,79.693766,-12.1630715
Laura,220832,F,9,2011-07-05,Belize,Hydrogeologist,Draw so believe end two success TV condition.,Negative,-127.311032,-9.482699
Susan,105160,M,95,1925-03-20,Belize,"Physicist, medical",Generation history institution like such different pretty.,Neutral,121.011672,-3.891685
Wendy,191432,F,36,1984-04-09,Fiji,"Engineer, petroleum",Least dog front organization industry. Reason rise west already major paper.,Negative,-174.397926,-29.4129035
Sandra,91226,F,70,1950-02-20,Belize,"Programmer, applications",Black all travel. Mission produce live remain his us increase.,Neutral,-176.774092,40.056106
Christian,97111,F,4,2016-09-25,Gibraltar,"Physicist, medical",Smile certainly focus cold tree. Health notice any economic this task.,Positive,-87.595598,-12.2992035
David,48524,F,84,1936-03-14,Fiji,Hydrogeologist,Tree strategy agree imagine technology card.,Neutral,-59.538077,-31.307981
Aaron,184978,F,1,2019-01-04,Gibraltar,"Therapist, art",Agreement three consider run stop want bag.,Positive,-132.606008,-59.950695
Stephanie,179995,F,67,1953-05-14,Belize,Hydrogeologist,Establish loss whose my visit off ever. Sort stand say.,Positive,-75.714034,42.073532
Matthew,173584,M,94,1926-05-16,Fiji,Catering manager,Out small at reveal shoulder. Nearly reason another direction show pattern.,Negative,178.59178,66.9307355
Chelsea,174747,F,28,1992-08-21,Belize,"Therapist, art",Improve energy give image. Inside nothing sport marriage his network.,Negative,-49.300469,81.616147
Matthew,108218,M,5,2015-03-15,Belize,"Programmer, applications",Term interview street bed position great hour.,Negative,-28.967105,40.673036
Megan,247070,F,108,1912-06-29,Tajikistan,Waste management officer,A option fine movie light state. Few hit general. Democrat form actually child.,Positive,-158.352773,-73.545758
Brian,159949,F,79,1941-07-19,Lesotho,Hydrogeologist,Put range present side son woman cell. Different see best miss.,Neutral,5.867154,37.0831805
Kendra,78754,M,26,1994-09-09,Lesotho,Theatre manager,A future establish else. Cost lose hotel his machine issue.,Negative,152.572871,67.5155595
Kelly,175239,M,32,1988-03-06,Gibraltar,Waste management officer,Development cause everybody lot. Cause deal want. Class already benefit four.,Negative,78.52694,34.8628815
Taylor,187880,F,53,1967-06-12,Belize,"Therapist, art",Think blood within way. Old wife middle sense blue real.,Positive,-149.025396,48.4998605
Nicole,79927,M,49,1971-04-04,Tajikistan,Lexicographer,Could beyond east change station group. Hold character certain.,Positive,170.79557,-1.462522
Brandon,176868,M,48,1972-08-28,Belize,Waste management officer,Huge far effect fast take discover.,Positive,-61.329495,-52.8184395
Ann,154430,F,91,1929-11-16,Gibraltar,Theatre manager,Responsibility others deal could. Top lead back manage scientist.,Negative,-92.995111,-29.5892015
Suzanne,121556,F,65,1955-02-09,Tajikistan,"Therapist, art",Else American back interview hospital. Focus week note cut.,Neutral,-123.790468,-10.542684
Joel,165176,F,61,1959-12-26,Belize,Hydrogeologist,Fire piece inside quite score run. Art end American apply vote.,Neutral,110.206332,-86.3384695
Kevin,128121,F,3,2017-06-20,Lesotho,"Physicist, medical",Author kind attention establish. Per nothing concern skin.,Neutral,-41.005139,-67.0979575
Jennifer,82662,M,4,2016-08-04,Gibraltar,Waste management officer,Run contain news land society artist. Wish both property participant.,Negative,-90.486221,-24.01756
Michelle,127149,F,106,1914-03-13,Fiji,"Engineer, petroleum",My try after another produce bed. Matter he cold house court theory.,Positive,-106.493784,-42.8584425
Robert,51899,F,59,1961-03-08,Belize,Theatre manager,Fly next threat behind. Represent consumer imagine feel agreement among.,Neutral,159.240449,68.9489095
Deanna,143629,F,23,1997-11-13,Fiji,Theatre manager,Firm whole break life event practice several health.,Neutral,-25.610775,10.9031345
Jonathan,36235,F,31,1989-07-21,Gibraltar,Catering manager,Me chair blood. Fly resource raise could. Focus large produce care.,Negative,-96.001169,-84.1341995
Joshua,227203,F,13,2007-04-19,Belize,Lexicographer,Fire box traditional. Bag political image that. Which pass increase bar sort.,Neutral,62.261275,36.5299655
Darren,218975,M,78,1942-08-01,Belize,Theatre manager,More dream paper analysis expect.,Positive,88.07298,-89.950166
Christy,131406,M,19,2001-02-22,Fiji,"Programmer, applications",Focus gas attack policy person beat car. Decide its country design.,Negative,-153.872627,40.88992
Jacob,205381,M,13,2007-07-12,Tajikistan,Lexicographer,Score college able way face final.,Positive,60.729978,-80.3930985
Brian,177246,F,61,1959-03-08,Belize,Theatre manager,Open glass subject everybody. Off born leave feel.,Positive,-174.165199,28.7729765
Nicole,67692,M,36,1984-12-20,Lesotho,Theatre manager,Yourself hospital unit team shoulder building.,Positive,-20.457219,-77.8248675
Scott,170782,F,2,2018-11-25,Lesotho,Theatre manager,I Democrat where do man quickly. Feeling firm authority black.,Negative,118.967234,-71.795372
Amy,146936,M,85,1935-01-20,Tajikistan,Theatre manager,Safe news agent yes specific reach agree.,Neutral,-14.586635,-51.9535635
Joshua,41486,M,31,1989-04-14,Tajikistan,Lexicographer,Can peace bar friend really. Plant whole month window would from.,Neutral,21.538277,-37.882582
Robert,111239,F,59,1961-10-27,Tajikistan,"Physicist, medical",Perhaps process pretty more. Young plan really carry common hand ready.,Negative,104.661004,37.580834
Henry,100509,F,62,1958-04-27,Belize,"Physicist, medical",Gun build team national election response stand.,Positive,73.474207,23.7814475
Brady,243336,M,39,1981-06-01,Gibraltar,"Physicist, medical",Reality bed across environment back national while.,Positive,-151.627032,81.4576505
Kyle,199877,M,51,1969-09-23,Belize,Theatre manager,Dream drive book your. Newspaper deep spend nice system work.,Negative,159.287079,40.7044145
Jason,92442,F,0,2020-08-01,Belize,Lexicographer,Avoid single believe. If several movement strong that game use.,Positive,-38.480437,-57.3919995
Kayla,129505,M,34,1986-02-26,Belize,Lexicographer,Whether candidate appear attack institution whose.,Positive,-20.3089,-64.5003845
Amber,232889,M,32,1988-04-16,Fiji,Hydrogeologist,Family pressure along sit. Mother impact hot education.,Positive,110.333139,-16.231843
Amy,222163,M,93,1927-04-27,Gibraltar,Waste management officer,Laugh someone president hair a never executive.,Neutral,118.640918,-79.28957
Samantha,66880,M,14,2006-07-24,Belize,Hydrogeologist,Participant your many song clear specific oil.,Negative,25.957598,17.088915
Corey,53397,M,9,2011-05-06,Gibraltar,Waste management officer,She continue speak case accept responsibility.,Negative,160.859278,-24.1158175
Dorothy,119929,F,54,1966-05-02,Tajikistan,Lexicographer,Official election bed trip quickly stage likely.,Negative,95.787281,13.5604295
Natasha,211095,F,51,1969-03-08,Lesotho,"Engineer, petroleum",Its how recent administration rule myself.,Neutral,-78.222274,30.804138
Charles,103970,M,91,1929-11-16,Gibraltar,Lexicographer,Yard answer summer paper son. Would receive point build wear prove.,Neutral,-69.279614,-30.708411
Kyle,244404,F,89,1931-02-01,Fiji,"Therapist, art",Practice decade team first state hit act.,Negative,77.318562,55.4396165
Jennifer,104154,M,81,1939-01-21,Gibraltar,Waste management officer,Leave guy tonight what maintain fall many unit.,Negative,-107.768633,68.289754
John,133355,F,50,1970-10-01,Fiji,"Programmer, applications",Sit population tough system mother. Tv form window like would.,Positive,9.731003,80.522899
Jane,235584,F,6,2014-09-04,Belize,"Physicist, medical",Run themselves spend somebody collection into field.,Positive,101.312235,-25.70323
Alejandra,113256,F,75,1945-05-05,Tajikistan,"Engineer, petroleum",Head nation born computer agree age opportunity.,Negative,162.501252,-12.992873
Kendra,53441,F,20,2000-04-30,Lesotho,Hydrogeologist,Participant a stay language party head.,Negative,-59.000469,-0.0628915
Christopher,96121,F,77,1943-11-19,Belize,"Therapist, art",Bit audience into quickly. Least law activity else.,Negative,-114.396399,75.427769
Kara,182837,F,113,1907-02-28,Lesotho,"Engineer, petroleum",Want those data. His science not inside body he.,Neutral,-75.908799,19.7976245
Robert,53766,F,98,1922-09-07,Lesotho,"Therapist, art",Later my party end anyone. Society voice dream large.,Positive,-14.429935,-4.788966
Brianna,30315,F,33,1987-04-11,Gibraltar,Hydrogeologist,Standard return allow yourself. Yeah sing should bit bill artist glass.,Negative,130.241184,-48.964001
Laura,144341,M,19,2001-12-08,Tajikistan,"Therapist, art",Defense realize view almost low near hundred.,Neutral,147.514448,0.2414535
Michael,166089,F,69,1951-02-26,Tajikistan,"Therapist, art",Adult least much customer already. Collection ok dark according trade.,Neutral,42.814943,28.585446
Jenna,235427,M,34,1986-01-02,Fiji,"Therapist, art",Trial image music. Color source account official forget sister recently minute.,Neutral,-106.138953,-52.2362665
Jeffrey,133600,F,43,1977-03-04,Gibraltar,Catering manager,Prevent speech occur may.,Neutral,139.182171,-35.903741
Troy,218357,M,109,1911-01-28,Belize,"Engineer, petroleum",Try modern expert around half everybody kind.,Neutral,20.531203,-4.364665
Christopher,116856,M,11,2009-04-26,Tajikistan,Waste management officer,Face walk step kind claim work better. Find door without meeting organization.,Positive,-94.146481,32.2271535
Thomas,67614,F,105,1915-04-28,Gibraltar,"Programmer, applications",Way analysis have those education sure. Until television throughout bar mind.,Positive,-123.471974,48.826535
Alyssa,173689,M,91,1929-02-06,Fiji,"Programmer, applications",Common happen open likely environmental wear major.,Negative,99.302417,-43.414633
Nicholas,185530,M,82,1938-02-04,Belize,"Physicist, medical",Turn while ago tough five. Card method capital say.,Negative,-75.244234,5.4865675
Richard,227090,F,36,1984-03-09,Gibraltar,Hydrogeologist,Son political north how oil responsibility. State political go adult.,Negative,-5.595775,67.3259915
Cody,246684,F,105,1915-06-23,Belize,"Programmer, applications",Yeah science marriage every notice. Involve lay either seven.,Neutral,25.259314,29.4478535
Robin,185032,M,58,1962-01-03,Belize,"Therapist, art",None country force little her whom. True police call both table learn outside.,Negative,-138.960324,49.0644365
Kristina,96638,M,74,1946-03-25,Gibraltar,"Engineer, petroleum",Could analysis there set. Color dream agree find strategy.,Negative,-138.703173,-78.49361
Catherine,81716,M,5,2015-08-01,Belize,Catering manager,Guess hit manager not prove see. Little certainly sing peace. Gun present half.,Positive,-173.242236,-58.3999155
Jennifer,197831,F,50,1970-09-18,Lesotho,Hydrogeologist,Half north throughout fish money who probably.,Positive,-160.27786,34.781348
Randall,236013,F,55,1965-03-06,Tajikistan,Waste management officer,Report dinner ten glass his. Compare always behavior section technology most.,Positive,-94.992753,3.137943
Adam,227617,F,46,1974-12-18,Gibraltar,Catering manager,Just seem side hear education return collection describe.,Negative,-97.010758,-56.0293655
Jennifer,215446,F,109,1911-07-05,Belize,"Programmer, applications",Serious college join test. Daughter onto television weight.,Neutral,84.276832,-37.22046
Ronald,38113,F,84,1936-11-20,Lesotho,Theatre manager,Charge moment inside lose against. Near industry west. Him effect over since.,Neutral,-146.642158,9.0389805
Stephanie,119698,M,16,2004-03-12,Lesotho,Hydrogeologist,Finally religious make plant own wonder.,Positive,-130.391324,85.7864945
Haley,120414,F,51,1969-09-01,Lesotho,"Engineer, petroleum",Dinner cup stand window prepare. Big break five front end.,Positive,-10.940752,23.6640425
Barbara,119535,F,66,1954-02-22,Tajikistan,"Engineer, petroleum",Management effort boy fact red play not. Growth foot indicate kid account.,Negative,-104.815789,1.4411095
Stephen,96088,M,42,1978-09-22,Belize,Catering manager,Already less list piece they wait. Learn hot final lead draw stock year create.,Neutral,15.876568,-48.550768
Michael,187540,F,103,1917-02-22,Gibraltar,"Physicist, medical",Republican blood believe itself. Hour chance collection somebody.,Positive,-57.312729,-84.880127
Brittany,165696,M,68,1952-08-29,Lesotho,"Therapist, art",Tend skin tree now and. Bed realize agent near leader director.,Positive,153.125355,-88.6426125
Joseph,145373,F,36,1984-04-02,Tajikistan,Lexicographer,Form since real agreement. Lay size entire.,Positive,-55.715821,-86.8408275
Julie,34369,M,58,1962-02-10,Lesotho,Theatre manager,Bank international former consumer. Issue hot eight among project say.,Neutral,-24.085846,1.043285
Wayne,164171,M,102,1918-10-27,Fiji,Waste management officer,Prevent serve available medical. Usually within eight parent third.,Neutral,117.372336,34.7367625
Holly,173824,M,83,1937-04-27,Tajikistan,Catering manager,Event not ground star. Political involve become explain.,Neutral,62.861038,16.8408095
Lauren,182000,M,33,1987-04-17,Belize,"Programmer, applications",Kid but rise parent firm message long. Moment something on official cell.,Positive,150.221678,-47.0759835
Lisa,165652,M,58,1962-12-08,Tajikistan,"Physicist, medical",Grow get know expect. Place art relate. Democratic candidate stop firm.,Negative,-126.995542,40.292486
Jack,197363,F,55,1965-04-10,Gibraltar,"Programmer, applications",Though around yeah remember worker design. Explain type middle door have tax.,Neutral,64.511197,85.8108025
Patrick,211744,F,82,1938-07-10,Fiji,"Therapist, art",Response appear simply different American.,Neutral,-8.709672,58.608636
Stephanie,126077,M,64,1956-08-26,Lesotho,Waste management officer,Rate measure choose society crime. Budget lawyer safe scientist guy.,Neutral,66.897643,21.8606905
Gregory,87040,M,60,1960-04-10,Belize,Theatre manager,Moment economic check one worry all. Action dark end expect trade.,Negative,100.75657,-67.6280895
Samantha,84971,M,97,1923-09-04,Gibraltar,Catering manager,Increase three nor own site. Suddenly environment against.,Neutral,-90.982034,-14.1224875
Krista,134365,M,35,1985-06-09,Gibraltar,"Engineer, petroleum",Lose feel cup seven. Manage hand purpose report tonight also inside.,Negative,134.686881,63.4258765
John,81453,F,95,1925-08-11,Lesotho,Waste management officer,Kind dark face writer before. So for you success in daughter hope.,Negative,-86.645291,72.064897
Donna,163145,F,13,2007-07-20,Belize,Lexicographer,Foot example certain simple traditional team.,Positive,-119.447339,-15.7848145
Harry,163252,M,48,1972-03-03,Fiji,Lexicographer,Door collection as decade. Born kitchen mother really.,Positive,104.604321,-25.071223
Ashley,145989,F,61,1959-12-08,Tajikistan,"Engineer, petroleum",Many foot or similar imagine.,Positive,-153.582241,9.441691
Vincent,81846,M,68,1952-11-15,Tajikistan,"Engineer, petroleum",Best information his north particular.,Neutral,-8.461479,-16.195241
Shannon,136521,M,30,1990-08-14,Belize,"Programmer, applications",Surface term sell this Congress usually news you.,Positive,-89.825088,62.1235605
Tracy,88112,M,112,1908-11-26,Fiji,"Therapist, art",Party last situation choose. Week next including provide but.,Positive,77.168669,89.6685505
James,249323,F,79,1941-08-29,Tajikistan,"Therapist, art",What no describe. Dark service church study wait current nearly.,Negative,-139.7231,9.154639
Shane,182500,M,45,1975-08-25,Tajikistan,Hydrogeologist,Doctor mean house. Huge many public air. Interest only catch past.,Negative,-67.815749,-21.0123315
Aaron,110513,F,27,1993-02-09,Belize,"Programmer, applications",Red president rule fall. Friend doctor happen soon hard green station.,Neutral,-144.019896,41.826104
